{
	"id": "3131694",
	"name": "wasabi-tree",
	"font_family": "iconfont",
	"css_prefix_text": "icon-",
	"description": "",
	"glyphs": [
		{
			"icon_id": "348219",
			"name": "angle-down",
			"font_class": "arrow-down",
			"unicode": "e9bd",
			"unicode_decimal": 59837
		},
		{
			"icon_id": "348220",
			"name": "angle-left",
			"font_class": "arrow-left",
			"unicode": "e9be",
			"unicode_decimal": 59838
		},
		{
			"icon_id": "348221",
			"name": "angle-right",
			"font_class": "arrow-right",
			"unicode": "e9bf",
			"unicode_decimal": 59839
		},
		{
			"icon_id": "348222",
			"name": "angle-up",
			"font_class": "arrow-up",
			"unicode": "e9c0",
			"unicode_decimal": 59840
		},
		{
			"icon_id": "348320",
			"name": "caret-down",
			"font_class": "caret-down",
			"unicode": "ea22",
			"unicode_decimal": 59938
		},
		{
			"icon_id": "348321",
			"name": "caret-left",
			"font_class": "caret-left",
			"unicode": "ea23",
			"unicode_decimal": 59939
		},
		{
			"icon_id": "348322",
			"name": "caret-right",
			"font_class": "caret-right",
			"unicode": "ea24",
			"unicode_decimal": 59940
		},
		{
			"icon_id": "348327",
			"name": "caret-up",
			"font_class": "caret-up",
			"unicode": "ea29",
			"unicode_decimal": 59945
		},
		{
			"icon_id": "348342",
			"name": "check",
			"font_class": "check",
			"unicode": "ea38",
			"unicode_decimal": 59960
		},
		{
			"icon_id": "348454",
			"name": "edit",
			"font_class": "edit",
			"unicode": "eaa7",
			"unicode_decimal": 60071
		},
		{
			"icon_id": "348476",
			"name": "file-text-o",
			"font_class": "text",
			"unicode": "eabc",
			"unicode_decimal": 60092
		},
		{
			"icon_id": "348489",
			"name": "folder",
			"font_class": "folder",
			"unicode": "eac9",
			"unicode_decimal": 60105
		},
		{
			"icon_id": "348506",
			"name": "folder-open",
			"font_class": "folder-open",
			"unicode": "eada",
			"unicode_decimal": 60122
		},
		{
			"icon_id": "490035",
			"name": "delete",
			"font_class": "delete",
			"unicode": "eb0c",
			"unicode_decimal": 60172
		}
	]
}
